acct_name,acct_pw
qpyeq,rsxLZmads5
gnsse,UTe2YjBevO
tdonz,a5AuIjUjvF
rykxd,Szaivo88ka
litvd,FBSFqtEKiq
ymehe,qEH8z572AW
zitty,Jc0K9dTeDs
ibebk,0xf6UjdIei
erlyh,CMI5hfP7uO
hjdfb,ZhrdiiTAZn
gykbx,zp0PBjwdcO
ybrui,030IKGkYPp
kazvz,QolAL6dIb0
uqweu,cVQXeCIyjY
gniot,G4moKjAFFm
mkdxk,QRig4X0JvT
cxpbl,w1YKz2WE8C
ybfba,547lgPPlrN
ukcjj,tHyXqT7dd4
ipwse,OzlE5FgjdT
uqkhm,wqxvWmQVwM
wimnn,Fft3KVSnKU
dqwjl,sQjRh6n1wA
gunaz,VPKvBEcbPv
hpmix,l9ed9LF1Bo
dwiwm,exkNQvD5pW
lmifl,q4ZJ3Y2UQh
ynulc,TmWSgai8Zx
edwfe,rdKQCqN0la
iibsq,wkvBdFbhUN
kkzyc,JZaQtQpxj3
gmqbr,hUq9Hd838O
jfkwj,wM74CIdJaQ
zfqdx,2aGxzDyuIb
dwbqf,9N1RtDLjq5
qcbft,0JdPehbNlc
jvzxr,OKf2B36lZZ
zzffq,eR3lLdcefu
lolru,yvzHY9MpJX
xjaoj,M3W48lN5Ta
oelun,fYfVSipEMK
cjpef,CwT4zHEC5t
teeus,LSoEtWnXJa
lrgzm,l03GwX7uDk
tdfoq,yOCd9qWhVp
vxgpv,e9ElhxElWC
cpmaj,OC0LWzWrh1
pndtn,XYHwCnT8lw
duija,wtYr2MKzYZ
fqzat,HPbEfA8NN9
idmzv,9lfQTeMH28
pcahb,a8RiOk9uSt
zlcmi,fgJLjH3Ed0
licjz,74WMQ4iTrX
zohkt,PmKhmGvgg5
qjxza,slVHfxK5jv
zapiq,Am6tJ4BRRo
znfnd,mfepRs1grl
dkjlq,utvmCxEEiS
ljnlp,w9doshqw1H
grkzn,dXtTPGJUBp
ngwhb,feRGkk1CLU
ddfgv,4VLStRI1kg
xhuwu,c1GV7yzzqb
nzsdz,eJ9FtBGnSt
rkwis,Om0SE64vSA
cnkah,2TghWeSQ1c
goqcw,5ylH2lhEtr
thwcw,0tESHG0bX4
enfzc,5BOIJXcdei
xqxoz,03Wx0eHo0J
aosxv,Qzs9ZiSk2U
teqod,iybTiT3WYQ
afcxo,GCuvExhjdE
nmajb,fg1P2yFWSG
sxsxn,LfqWZVIulp
ifmor,JXLZ0GflOw
npnrk,YvM4RUl5B5
ormab,PLLMlxqbIF
ohxfw,ptYG1tIcVL
xszja,VkD6zRkIqA
qevre,wvHTaAEpPA
sgldv,omGG8L30gF
cdfcg,KcNHh3emCg
xtznl,2EH6ntAg4j
lxbwh,ZyjCKfUZ8v
wzufo,xEGX6GFVlg
bdtpk,6rGOsfvKhY
pdxwj,WcXXVtAf0r
wwchw,eckchJCsxq
pmmtv,5Jps1NxP2D
bbkjj,xhzV8cutdS
pnycg,TwhX7xtEOz
umamh,kXDf97ngLb
kfbpl,Tcqqaxlb4N
wpjph,Juz06IcT6k
kqvuy,H25CeZIkt0
sqhxf,BtQClXe6e6
ohemh,jwfqTjsO93
xtdyr,Z2C0mb3Oqs
